name,SMILES,Lmax
0,C[N]1N=NC(=N1)N=NC2=CC=CC=C2,310.0
1,C[N]1C=NC(=N1)N=NC2=CC=CC=C2,310.0
2,C[N]1C=CC(=N1)N=NC2=CC=CC=C2,320.0
3,C[N]1C=C(C)C(=N1)N=NC2=CC=CC=C2,325.0
4,C[N]1C=C(C=N1)N=NC2=CC=CC=C2,328.0
5,C[N]1N=C(C)C(=C1C)N=NC2=CC=CC=C2,335.0
6,C[N]1N=CC=C1N=NC2=CC=CC=C2,341.0
7,C[N]1N=CC(=C1N=NC2=CC=CC=C2)C,340.0
8,CC(N(C)C(C)=C1)=C1/N=N/C2=CC=CC=C2,363.0
9,CC(N(C)C(C)=C1C)=C1/N=N/C2=CC=CC=C2,345.0
10,CN1C(/N=N/C2=CC=CC=C2)=C(C)C=C1C,394.0
11,CN1C(/N=N/C2=CC=CC=C2)=CC=C1,385.0
12,CN1C(/N=N/C2=CC=CC=C2)=NC=C1,363.0
13,CN(C=N1)C=C1/N=N/C2=CC=CC=C2,336.0
14,CN1C(/N=N/C2=CC=CC=C2)=CN=C1,362.0
15,NC(C=C1)=CC=C1N=NC2=NNC=C2,391.0
16,COC(C=C1)=CC=C1N=NC2=NNC=C2,344.0
17,CC(C=C1)=CC=C1N=NC2=NNC=C2,332.0
18,C1(/N=N/C2=CC=NN2)=CC=NN1,320.0
19,[H]C(C=C1)=CC=C1N=NC2=NNC=C2,324.0
20,BrC(C=C1)=CC=C1N=NC2=NNC=C2,331.0
21,FC1=CC=CC=C1N=NC2=NNC=C2,328.0
22,O=C(O)C(C=C1)=CC=C1N=NC2=NNC=C2,328.0
23,O=C(C1=CC=C(/N=N/C2=NNC=C2)C=C1)OCC,331.0
24,CC(C(C=C1)=CC=C1N=NC2=NNC=C2)=O,322.0
25,[O-][N+](C(C=C1)=CC=C1N=NC2=NNC=C2)=O,340.0
26,CN(N=C1)C=C1/N=N/C2=C(F)C=CC=C2F,316.0
27,CN(N=C1C)C(C)=C1/N=N/C2=C(F)C=CC=C2F,328.0
28,CN(N=C1C)C(C)=C1/N=N/C2=C(Cl)C=CC=C2Cl,328.0
29,CN(N=C1C)C(C)=C1/N=N/C2=C(OC)C=CC=C2OC,307.0
30,FC1=CC=CC=C1/N=N/C2=C(F)C=CC=C2,325.0
31,FC1=CC=CC(F)=C1/N=N/C2=CC=CC=C2,309.0
32,FC1=CC=CC(F)=C1/N=N/C2=C(F)C=CC=C2F,305.0
33,FC1=CC(F)=CC(F)=C1/N=N/C(C(F)=C2)=C(F)C=C2F,309.0
34,FC1=C(F)C=C(F)C(F)=C1/N=N/C2=C(F)C(F)=CC(F)=C2F,303.0
35,FC1=C(F)C(F)=C(F)C(F)=C1/N=N/C2=C(F)C(F)=C(F)C(F)=C2F,310.0
36,FC1=CC=CC(F)=C1/N=N/C2=CC=C(C(OCC)=O)C=C2,316.0
37,FC1=CC(C(OCC)=O)=CC(F)=C1/N=N/C2=C(F)C=C(C(OCC)=O)C=C2F,314.0
38,FC1=CC(C(OCC)=O)=CC(F)=C1/N=N/C2=C(F)C=CC=C2F,310.0
39,FC1=CC(C(OCC)=O)=CC(F)=C1/N=N/C2=CC=C(C(OCC)=O)C=C2,320.0
40,FC1=CC(C(OCC)=O)=CC(F)=C1/N=N/C2=CC=CC=C2,316.0
53,CC(NC(C=C1)=CC(OC)=C1/N=N/C2=C(OC)C=C(NC(C)=O)C=C2)=O,338.0
54,CC(NC(C=C1OC)=CC(OC)=C1/N=N/C2=C(OC)C=C(NC(C)=O)C=C2OC)=O,345.0
55,COC(C=CN=C1)=C1/N=N/C2=CC=CC=C2,332.0
56,C1(/N=N/C2=CC=CC=C2)=CC=CN=C1,322.0
57,CC1=C(/N=N/C2=CC=CC=C2)C=NC=C1,322.0
58,CC(C)C1=C(/N=N/C2=CC=CC=C2)C=NC=C1,323.0
59,IC1=C(/N=N/C2=CC=CC=C2)C=NC=C1,330.0
60,CN(C)C1=C(/N=N/C2=CC=CC=C2)C=NC=C1,313.0
61,O=C(N(CCC)C=C1/N=N/C2=CC=C(C(C)(C)C)C=C2)NC1=O,375.0
62,O=C(COC1=C(/N=N\C2=C(OC3)C=CC=C2)C=CC=C1)O[C@H]4[C@H](OCC5=CC=CC=C5)[C@@H](OCC6=CC=CC=C6)[C@H](SC7=CC=CC=C7)O[C@@H]4COC3=O,310.0
63,CC1=C(C(C)=NN1)/N=N/C2=C(F)C=CC=C2,334.0
64,CC1=C(C(C)=NN1)/N=N/C2=CC(F)=CC=C2,334.0
65,CC1=C(C(C)=NN1)/N=N/C2=CC=C(F)C=C2,330.0
66,CC1=C(C(C)=NN1)/N=N/C2=C(Cl)C=CC=C2,339.0
67,CC1=C(C(C)=NN1)/N=N/C2=CC(Cl)=CC=C2,336.0
68,CC1=C(C(C)=NN1)/N=N/C2=CC=C(Cl)C=C2,336.0
69,CC1=C(C(C)=NN1)/N=N/C2=C(Br)C=CC=C2,340.0
70,CC1=C(C(C)=NN1)/N=N/C2=CC(Br)=CC=C2,335.0
71,CC1=C(C(C)=NN1)/N=N/C2=CC=C(Br)C=C2,337.0
72,CC1=C(C(C)=NN1)/N=N/C2=CC(O)=CC=C2,330.0
73,CC1=C(C(C)=NN1)/N=N/C2=C(C(F)(F)F)C=CC=C2,335.0
74,CC1=C(C(C)=NN1)/N=N/C2=CC(C(F)(F)F)=CC=C2,332.0
75,CC1=C(C(C)=NN1)/N=N/C2=CC=C(C(F)(F)F)C=C2,334.0
76,CC1=C(C(C)=NN1)/N=N/C2=C(OC)C=CC=C2,350.0
77,CC1=C(C(C)=NN1)/N=N/C2=CC(OC)=CC=C2,330.0
78,CC1=C(C(C)=NN1)/N=N/C2=CC=C(OC)C=C2,342.0
79,CC1=C(C(C)=NN1)/N=N/C2=C(C)C=CC=C2,336.0
80,CC1=C(C(C)=NN1)/N=N/C2=CC(C)=CC=C2,331.0
81,CC1=C(C(C)=NN1)/N=N/C2=CC=C(C)C=C2,335.0
82,CC1=C(C(C)=NN1)/N=N/C2=CC(C(O)=O)=CC=C2,332.0
83,CC1=C(C(C)=NN1)/N=N/C2=CC=C(C(O)=O)C=C2,342.0
84,CC1=C(C(C)=NN1)/N=N/C2=CC(NC(C)=O)=CC=C2,329.0
85,CC1=C(C(C)=NN1)/N=N/C2=CC=C(NC(C)=O)C=C2,350.0
86,CC1=NOC(C)=C1/N=N/C2=CC=CC=C2,315.0
87,CC1=NOC(C)=C1/N=N/C2=C(F)C=CC=C2,321.0
88,CC1=NOC(C)=C1/N=N/C2=CC(F)=CC=C2,315.0
89,CC1=NOC(C)=C1/N=N/C2=CC=C(F)C=C2,318.0
90,CC1=NOC(C)=C1/N=N/C2=C(Cl)C=CC=C2,321.0
91,CC1=NOC(C)=C1/N=N/C2=CC(Cl)=CC=C2,315.0
92,CC1=NOC(C)=C1/N=N/C2=CC=C(Cl)C=C2,323.0
93,CC1=NOC(C)=C1/N=N/C2=C(Br)C=CC=C2,321.0
94,CC1=NOC(C)=C1/N=N/C2=CC(Br)=CC=C2,315.0
95,CC1=NOC(C)=C1/N=N/C2=CC=C(Br)C=C2,325.0
96,CC1=NOC(C)=C1/N=N/C2=CC=C(I)C=C2,330.0
97,CC1=NOC(C)=C1/N=N/C2=CC(O)=CC=C2,313.0
98,CC1=NOC(C)=C1/N=N/C2=CC(C(F)(F)F)=CC=C2,314.0
99,CC1=NOC(C)=C1/N=N/C2=CC=C(C(F)(F)F)C=C2,312.0
100,CC1=NOC(C)=C1/N=N/C2=C(OC)C=CC=C2,311.0
101,CC1=NOC(C)=C1/N=N/C2=CC(OC)=CC=C2,312.0
102,CC1=NOC(C)=C1/N=N/C2=CC=C(OC)C=C2,337.0
103,CC1=NOC(C)=C1/N=N/C2=C([N+]([O-])=O)C=CC=C2,318.0
104,CC1=NOC(C)=C1/N=N/C2=CC=C([N+]([O-])=O)C=C2,332.0
105,CC1=NOC(C)=C1/N=N/C2=CC=C(C)C=C2,323.0
106,CC1=NOC(C)=C1/N=N/C2=CC(NC(C)=O)=CC=C2,315.0
107,CC1=NOC(C)=C1/N=N/C2=CC=C(NC(C)=O)C=C2,342.0
108,CC1=C(/N=N/C2=C3C=CC=CC3=CC=C2)C(C)=NO1,362.0
109,CC1=C(/N=N/C2=CC(Cl)=CC=C2Cl)C(C)=NO1,320.0
110,CC1=C(/N=N/C2=C(Cl)C=CC=C2Cl)C(C)=NO1,297.0
111,CC1=C(/N=N/C2=CC=C(F)C=C2F)C(C)=NO1,324.0
112,CC1=C(/N=N/C2=CC(F)=CC=C2F)C(C)=NO1,328.0
113,CC1=C(/N=N/C2=C(F)C=CC=C2F)C(C)=NO1,309.0
114,CC1=C(/N=N/C2=CC(F)=CC(F)=C2)C(C)=NO1,315.0
115,CC1=C(/N=N/C2=CC=CC(N)=C2)C(C)=NO1,315.0
116,CC1=C(/N=N/C2=CC=CC=C2C#N)C(C)=NO1,325.0
117,CC1=C(/N=N/C2=CC=CN=C2)C(C)=NO1,316.0
118,CC1=CC=C(/N=N/C2=CC=CS2)C=C1,365.0
119,C1(/N=N/C2=CC=CC=C2)=CC=CC=C1,319.0
120,BrC1=CC=CC=C1/N=N/C2=CC=CC=C2,326.0
121,FC(F)(F)C1=CC=CC=C1/N=N/C2=CC=CC=C2,317.0
122,CC1=CC=CC=C1/N=N/C2=CC=CC=C2,323.0
123,NC1=CC=CC=C1/N=N/C2=CC=CC=C2,421.0
124,BrC1=CC(/N=N/C2=CC=CC=C2)=CC=C1,321.0
125,CC1=CC(/N=N/C2=CC=CC=C2)=CC=C1,322.0
126,NC1=CC(/N=N/C2=CC=CC=C2)=CC=C1,417.0
127,O=[N+]([O-])C1=CC(/N=N/C2=CC=CC=C2)=CC=C1,327.0
128,BrC1=CC=C(/N=N/C2=CC=CC=C2)C=C1,329.0
129,FC(F)(F)C1=CC=C(/N=N/C2=CC=CC=C2)C=C1,315.0
130,ClC1=CC=C(/N=N/C2=CC=CC=C2)C=C1,324.0
131,N#CC1=CC=C(/N=N/C2=CC=CC=C2)C=C1,321.0
132,CC(C1=CC=C(/N=N/C2=CC=CC=C2)C=C1)=O,326.0
133,O=C(OC)C1=CC=C(/N=N/C2=CC=CC=C2)C=C1,328.0
134,FC1=CC=C(/N=N/C2=CC=CC=C2)C=C1,322.0
135,OC1=CC=C(/N=N/C2=CC=CC=C2)C=C1,339.0
136,O=C1C=CC(N1C2=CC=C(/N=N/C3=CC=CC=C3)C=C2)=O,329.0
137,CC1=CC=C(/N=N/C2=CC=CC=C2)C=C1,330.0
138,CCN(CC)C1=CC=C(/N=N/C2=CC=CC=C2)C=C1,416.0
139,NC1=CC=C(/N=N/C2=CC=CC=C2)C=C1,364.0
140,CC(NC1=CC=C(/N=N/C2=CC=CC=C2)C=C1)=O,346.0
141,CNC1=CC=C(/N=N/C2=CC=CC=C2)C=C1,380.0
142,CN(C)C1=CC=C(/N=N/C2=CC=CC=C2)C=C1,408.0
143,O=[N+]([O-])C1=CC=C(/N=N/C2=CC=CC=C2)C=C1,333.0
144,C1(NC2=CC=CC=C2)=CC=C(/N=N/C3=CC=CC=C3)C=C1,411.0
145,FC(F)(F)C1=C(/N=N/C2=C(C(F)(F)F)C=CC=C2)C=CC=C1,317.0
146,ClC1=C(/N=N/C2=C(Cl)C=CC=C2)C=CC=C1,328.0
147,CC1=CC=CC=C1/N=N/C2=CC=CC=C2C,331.0
148,CC(C=CC=C1C)=C1/N=N/C2=CC=CC=C2,316.0
149,BrC1=CC=CC(/N=N/C2=CC=CC(Br)=C2)=C1,320.0
150,ClC1=CC=CC(/N=N/C2=CC=CC(Cl)=C2)=C1,320.0
151,FC1=CC=CC(/N=N/C2=CC=CC(F)=C2)=C1,320.0
152,CC1=CC=CC(/N=N/C2=CC=CC(C)=C2)=C1,331.0
153,BrC1=CC=C(/N=N/C2=CC=C(Br)C=C2)C=C1,324.0
154,ClC1=CC=C(/N=N/C2=CC=C(Cl)C=C2)C=C1,331.0
155,FC(F)(F)C1=CC=C(/N=N/C2=CC=C(C(F)(F)F)C=C2)C=C1,313.0
156,FC1=CC=C(/N=N/C2=CC=C(F)C=C2)C=C1,325.0
157,CC1=CC=C(/N=N/C2=CC=C(C)C=C2)C=C1,326.0
159,CC1=C(/N=N/C2=CC=CC(C)=C2C)C=CC=C1C,332.0
160,CC1=C(/N=N/C2=CC=C(C)C=C2C)C=CC(C)=C1,346.0
161,CC1=C(/N=N/C2=CC(C)=CC=C2C)C=C(C)C=C1,336.0
162,CC1=CC(/N=N/C2=CC(C)=C(C)C=C2)=CC=C1C,333.0
163,CC1=C(Cl)C=CC=C1/N=N/C2=C(C)C(Cl)=CC=C2,329.0
164,CC1=CC(Cl)=CC=C1/N=N/C2=C(C)C=C(Cl)C=C2,346.0
165,BrC1=CC(Br)=CC(Br)=C1/N=N/C2=C(Br)C=C(Br)C=C2Br,302.0
166,CC1=CC(C)=CC(C)=C1/N=N/C2=C(C)C=C(C)C=C2C,325.0
167,CCN(CC)C(C=C1)=CC=C1/N=N/C2=C(C#N)C=CC=C2,462.0
168,CN(C)C(C=C1)=CC=C1/N=N/C2=C(C(O)=O)C=CC=C2,410.0
169,NC1=C(/N=N/C2=CC=CC=C2)C=CC(N)=C1,411.0
170,O=[N+]([O-])C1=C(/N=N/C2=C([N+]([O-])=O)C=CC=C2)C=CC=C1,323.0
171,OC(C=C(O)C=C1)=C1/N=N/C2=CC=CC=C2,400.0
172,OC(C=CC(C)=C1)=C1/N=N/C2=CC=CC=C2,330.0
173,CCN(CC)C1=CC=C(/N=N/C2=CC(C#N)=CC=C2)C=C1,446.0
174,O=[N+]([O-])C1=CC=CC(/N=N/C2=CC([N+]([O-])=O)=CC=C2)=C1,311.0
175,BrC(C=C1)=CC=C1/N=N/C2=CC=C(N(C)C)C=C2,419.0
176,ClC(C=C1)=CC=C1/N=N/C2=CC=C(N(C)C)C=C2,416.0
177,CN(C)C1=CC=C(/N=N/C2=CC=C(C(F)(F)F)C=C2)C=C1,427.0
178,CCN(CC)C1=CC=C(/N=N/C2=CC=C(C#N)C=C2)C=C1,466.0
179,CN(C)C1=CC=C(/N=N/C2=CC=C(C(OC)=O)C=C2)C=C1,442.0
180,FC(C=C1)=CC=C1/N=N/C2=CC=C(N(C)C)C=C2,407.0
181,CC(C=C1)=CC=C1/N=N/C2=CC=C(N(C)C)C=C2,400.0
182,CC(C=C1)=CC=C1/N=N/C2=CC=C(N(CC)CC)C=C2,411.0
183,CCN(CC)C1=CC=C(/N=N/C2=CC=C(N(CC)CC)C=C2)C=C1,426.0
184,NC1=CC=C(/N=N/C2=CC=C(N(CC)CC)C=C2)C=C1,412.0
185,CN(C)C1=CC=C(/N=N/C2=CC=C(N(CC)CC)C=C2)C=C1,420.0
186,CCN(CC)C(C=C1)=CC=C1/N=N/C2=CC=C([N+]([O-])=O)C=C2,482.0
187,O=[N+]([O-])C1=CC=C(/N=N/C2=CC=C(NCCC#N)C=C2)C=C1,455.0
188,OCCNC(C=C1)=CC=C1/N=N/C2=CC=C([N+]([O-])=O)C=C2,503.0
189,NC1=CC=C(/N=N/C2=CC=C(N(C)C)C=C2)C=C1,410.0
190,NC1=CC=C(/N=N/C2=CC=C([N+]([O-])=O)C=C2)C=C1,441.0
191,CN(C)C(C=C1)=CC=C1/N=N/C2=CC=C(N(C)C)C=C2,455.0
192,CN(C)C(C=C1)=CC=C1/N=N/C2=CC=CC=C2[N+]([O-])=O,440.0
193,CN(C)C(C=C1)=CC=C1/N=N/C2=CC=CC([N+]([O-])=O)=C2,420.0
194,CN(C)C(C=C1)=CC=C1/N=N/C2=CC=C([N+]([O-])=O)C=C2,473.0
195,O=[N+]([O-])C(C=C1)=CC=C1/N=N/C2=CC=C(NC3=CC=CC=C3)C=C2,483.0
196,O=[N+]([O-])C1=CC=C(/N=N/C2=CC=C(C=C2)[N+]([O-])=O)C=C1,335.0
197,OC1=CC=C(/N=N/C2=CC=C(C=C2)[N+]([O-])=O)C=C1,382.0
198,OC1=CC=C(/N=N/C2=CC=C(C=C2)O)C=C1,355.0
199,CC1=C(/N=N/C2=C(C)C=C(C=C2)N(C)C)C=CC=C1,400.0
200,OC1=C(/N=N/C2=CC(C)=CC(C)=C2)C=CC=C1,332.0
201,OC1=C(/N=N/C2=CC=C(NC(C)=O)C=C2)C=C(C)C=C1,357.0
202,OC1=C(C(O)=O)C=C(/N=N/C2=CC=C([N+]([O-])=O)C=C2)C=C1,385.0
203,OC(C=C1)=CC=C1/N=N/C2=CC(C)=CC(C)=C2,351.0
204,CCN(CC)C(C=C1)=CC=C1/N=N/C2=C(C#N)C=C(C#N)C=C2,515.0
205,CCN(CC)C(C=C1)=CC=C1/N=N/C2=C(C#N)C=CC(C#N)=C2,495.0
206,CCN(CC)C(C=C1)=CC=C1/N=N/C2=C(C#N)C=CC=C2C#N,503.0
207,CCN(CC)C(C=C1)=CC=C1/N=N/C2=CC(C#N)=C(C#N)C=C2,500.0
208,CCN(CC)C(C=C1)=CC=C1/N=N/C2=CC(C#N)=CC(C#N)=C2,478.0
209,OC1=C(/N=N/C2=CC=C([N+]([O-])=O)C=C2)C=CC(O)=C1,432.0
210,CC1=C(/N=N/C2=CC=C(N(C)C)C=C2C)C=CC(Cl)=C1,411.0
211,CC1=C(/N=N/C2=CC=C(N(C)C)C=C2C)C=CC([N+]([O-])=O)=C1,452.0
212,CC1=C(/N=N/C2=CC=C(N(C)C)C=C2C)C=C([N+]([O-])=O)C=C1,425.0
213,CC1=C(/N=N/C2=CC=C(N(C)C)C=C2C)C=CC(C)=C1,399.0
214,CC1=CC(N(CC)CC)=CC=C1/N=N/C2=C(C#N)C=C(C#N)C=C2C#N,562.0
215,OC1=C([N+]([O-])=O)C=C([N+]([O-])=O)C=C1/N=N/C2=C(O)C=CC(C)=C2,400.0
216,OC(C([N+]([O-])=O)=CC([N+]([O-])=O)=C1)=C1/N=N/C2=CC(C)=CC(NC(C)=O)=C2O,400.0
217,OC(C([N+]([O-])=O)=CC([N+]([O-])=O)=C1)=C1/N=N/C2=CC(Cl)=C(N)C=C2N,492.0
218,CC1=C([N+]([O-])=O)C(C)=CC(/N=N/C2=CC(C)=C(N(C)C)C(C)=C2)=C1,382.0
219,[H]C1=C(N2CCOCC2)C=CC(/N=N/C3=CC=C(N4CCOCC4)C([H])=C3)=C1,402.0
220,[H]C5=C(N6CCCCC6)C=CC(/N=N/C7=CC=C(N8CCCCC8)C([H])=C7)=C5,410.0
221,[H]C9=C(N%10CCCC%10)C=CC(/N=N/C%11=CC=C(N%12CCCC%12)C([H])=C%11)=C9,431.0
222,CC%13=C(N%14CCCC%14)C=CC(/N=N/C%15=CC=C(N%16CCCC%16)C(C)=C%15)=C%13,406.0
223,COC%17=CC(/N=N/C%18=CC(OC)=C(N%19CCCC%19)C=C%18)=CC=C%17N%20CCCC%20,452.0
224,CCN(CC)C(C=C%21)=CC=C%21/N=N/C%22=CC=C(N%23CCOCC%23)C([H])=C%22,417.0
225,CCN(CC)C(C=C%24)=CC=C%24/N=N/C%25=CC=C(N%26CCCCC%26)C([H])=C%25,420.0
226,CCN(CC)C(C=C%27)=CC=C%27/N=N/C%28=CC=C(N%29CCOCC%29)C(C)=C%28,412.0
227,CCN(CC)C(C=C%30)=CC=C%30/N=N/C%31=CC=C(N%32CCOCC%32)C(OC)=C%31,422.0
228,[H]C1=CC([N+]([O-])=O)=CC([H])=C1/N=N/C2=CC([H])=C(C=C2OC)N(CC)CC,501.0
229,NC1=C(OC)C=C(/N=N/C2=C([H])C=C([N+]([O-])=O)C=C2[H])C([H])=C1,488.0
230,[H]C1=CC([N+]([O-])=O)=CC([H])=C1/N=N/C2=CC([H])=C(C=C2[H])N(CC)CC,489.0
231,[H]C1=CC([N+]([O-])=O)=CC(Cl)=C1/N=N/C2=CC([H])=C(C=C2[H])N(CC)CC,512.0
232,[H]C1=CC([N+]([O-])=O)=CC([N+]([O-])=O)=C1/N=N/C2=CC([H])=C(C=C2[H])N(CC)CC,532.0
233,[H]C1=CC([N+]([O-])=O)=CC(C#N)=C1/N=N/C2=CC([H])=C(C=C2[H])N(CC)CC,542.0
234,BrC1=CC([N+]([O-])=O)=CC([N+]([O-])=O)=C1/N=N/C2=CC([H])=C(C=C2[H])N(CC)CC,540.0
235,ClC1=CC([N+]([O-])=O)=CC(C#N)=C1/N=N/C2=CC([H])=C(C=C2[H])N(CC)CC,551.0
236,[H]C1=C(C=C([H])C(/N=N/C2=C(C#N)C=C([N+]([O-])=O)C=C2C#N)=C1)N(CC)CC,592.0
237,[H]C1=CC([N+]([O-])=O)=CC([H])=C1/N=N/C2=CC([H])=C(C=C2OC)N(CC)CC,505.0
238,[H]C3=CC([N+]([O-])=O)=CC(Cl)=C3/N=N/C4=CC([H])=C(C=C4OC)N(CC)CC,526.0
239,[H]C5=CC([N+]([O-])=O)=CC([N+]([O-])=O)=C5/N=N/C6=CC([H])=C(C=C6OC)N(CC)CC,545.0
240,[H]C7=CC([N+]([O-])=O)=CC(C#N)=C7/N=N/C8=CC([H])=C(C=C8OC)N(CC)CC,555.0
241,BrC9=CC([N+]([O-])=O)=CC([N+]([O-])=O)=C9/N=N/C%10=CC([H])=C(C=C%10OC)N(CC)CC,554.0
242,ClC%11=CC([N+]([O-])=O)=CC(C#N)=C%11/N=N/C%12=CC([H])=C(C=C%12OC)N(CC)CC,565.0
243,[H]C%13=C(C=C(OC)C(/N=N/C%14=C(C#N)C=C([N+]([O-])=O)C=C%14C#N)=C%13)N(CC)CC,601.0
244,[H]C1=CC([N+]([O-])=O)=CC([H])=C1/N=N/C2=CC(OC)=C(C=C2)N(CC)CC,492.0
245,[H]C3=CC([N+]([O-])=O)=CC(Cl)=C3/N=N/C4=CC(OC)=C(C=C4)N(CC)CC,518.0
246,[H]C5=CC([N+]([O-])=O)=CC([N+]([O-])=O)=C5/N=N/C6=CC(OC)=C(C=C6)N(CC)CC,540.0
247,[H]C7=CC([N+]([O-])=O)=CC(C#N)=C7/N=N/C8=CC(OC)=C(C=C8)N(CC)CC,555.0
248,BrC9=CC([N+]([O-])=O)=CC([N+]([O-])=O)=C9/N=N/C%10=CC(OC)=C(C=C%10)N(CC)CC,549.0
249,ClC%11=CC([N+]([O-])=O)=CC(C#N)=C%11/N=N/C%12=CC(OC)=C(C=C%12)N(CC)CC,573.0
250,CCN(C%13=C(OC)C=C(/N=N/C%14=C(C#N)C=C([N+]([O-])=O)C=C%14C#N)C=C%13)CC,623.0
251,CC(C=C(N(CCC#N)CCO)C=C1)=C1/N=N/C2=CC=CC=C2,403.0
252,CC(C=C(N(CCC#N)CCO)C=C1)=C1/N=N/C2=CC=CC=C2[N+]([O-])=O,429.0
253,CC(C=C(N(CCC#N)CCO)C=C1)=C1/N=N/C2=CC=CC([N+]([O-])=O)=C2,424.0
254,CC(C=C(N(CCC#N)CCO)C=C1)=C1/N=N/C2=CC=C([N+]([O-])=O)C=C2,461.0
255,CC(C=C(N(CCC#N)CCO)C=C1)=C1/N=N/C2=CC=CC=C2Br,417.0
256,CC(C=C(N(CCC#N)CCO)C=C1)=C1/N=N/C2=CC=CC(Br)=C2,414.0
257,CC(C=C(N(CCC#N)CCO)C=C1)=C1/N=N/C2=CC=CC=C2Cl,412.0
258,CC(C=C(N(CCC#N)CCO)C=C1)=C1/N=N/C2=CC=CC(Cl)=C2,410.0
259,CC(C=C(N(CCC#N)CCO)C=C1)=C1/N=N/C2=CC=C(Cl)C=C2,413.0
260,CC(C=C(N(CCC#N)CCO)C=C1)=C1/N=N/C2=C(F)C=CC=C2,417.0
261,CC(C=C(N(CCC#N)CCO)C=C1)=C1/N=N/C2=CC(F)=CC=C2,415.0
262,CC(C=C(N(CCC#N)CCO)C=C1)=C1/N=N/C2=C(C(F)(F)F)C=CC=C2,419.0
263,CC(C=C(N(CCC#N)CCO)C=C1)=C1/N=N/C2=CC(C(F)(F)F)=CC=C2,418.0
264,CC(C=C(N(CCC#N)CCO)C=C1)=C1/N=N/C2=CC=C(C(F)(F)F)C=C2,421.0
265,CC(C=C(N(CCC#N)CCO)C=C1)=C1/N=N/C2=C(C#N)C=CC=C2,438.0
266,CC(C=C(N(CCC#N)CCO)C=C1)=C1/N=N/C2=CC=C(C#N)C=C2,437.0
267,CC(C=C(N(CCC#N)CCO)C=C1)=C1/N=N/C2=C(OC)C=CC=C2,409.0
268,CC(C=C(N(CCC#N)CCO)C=C1)=C1/N=N/C2=CC(OC)=CC=C2,407.0
269,CC(C=C(N(CCC#N)CCO)C=C1)=C1/N=N/C2=C(C)C=CC=C2,405.0
270,CC(C=C(N(CCC#N)CCO)C=C1)=C1/N=N/C2=CC(C)=CC=C2,402.0
271,CC(C=C(N(CCC#N)CCO)C=C1)=C1/N=N/C2=CC=C(C)C=C2,402.0
272,CC(C=C(N(CCC#N)CCO)C=C1)=C1/N=N/C2=CC(C(O)C)=CC=C2,405.0
273,CC(C=C(N(CCC#N)CCO)C=C1)=C1/N=N/C2=CC=C(S(=O)(C)=O)C=C2,434.0
274,CC(C=C(N(CCC#N)CCO)C=C1)=C1/N=N/C2=CC=C(C(C)=O)C=C2,412.0
275,N#CCCNC(C=C1)=CC=C1/N=N/C2=CC=CC=C2,396.0
276,N#CCCNC(C=C1)=CC=C1/N=N/C2=CC=CC=C2[N+]([O-])=O,422.0
277,N#CCCNC(C=C1)=CC=C1/N=N/C2=CC=CC([N+]([O-])=O)=C2,418.0
278,ClC1=CC=CC=C1/N=N/C2=CC=C(NCCC#N)C=C2,408.0
279,ClC1=CC(/N=N/C2=CC=C(NCCC#N)C=C2)=CC=C1,408.0
280,ClC1=CC=C(/N=N/C2=CC=C(NCCC#N)C=C2)C=C1,404.0
281,FC1=CC=CC=C1/N=N/C2=CC=C(NCCC#N)C=C2,404.0
282,FC1=CC(/N=N/C2=CC=C(NCCC#N)C=C2)=CC=C1,406.0
283,FC1=CC=C(/N=N/C2=CC=C(NCCC#N)C=C2)C=C1,398.0
284,N#CCCNC(C=C1)=CC=C1/N=N/C2=CC=C(C(F)(F)F)C=C2,411.0
285,N#CCCNC(C=C1)=CC=C1/N=N/C2=CC=CC=C2C#N,429.0
286,N#CCCNC(C=C1)=CC=C1/N=N/C2=CC=C(C#N)C=C2,428.0
287,N#CCCNC(C=C1)=CC=C1/N=N/C2=CC=CC=C2OC,394.0
288,N#CCCNC(C=C1)=CC=C1/N=N/C2=CC=CC(OC)=C2,394.0
289,N#CCCNC(C=C1)=CC=C1/N=N/C2=CC=C(OC)C=C2,395.0
290,CC1=CC=CC=C1/N=N/C2=CC=C(NCCC#N)C=C2,400.0
291,CC1=CC(/N=N/C2=CC=C(NCCC#N)C=C2)=CC=C1,400.0
292,CC1=CC=C(/N=N/C2=CC=C(NCCC#N)C=C2)C=C1,395.0
293,OCCC1=CC=CC=C1/N=N/C2=CC=C(NCCC#N)C=C2,399.0
294,CC(O)C1=CC(/N=N/C2=CC=C(NCCC#N)C=C2)=CC=C1,396.0
295,OCCC1=CC=C(/N=N/C2=CC=C(NCCC#N)C=C2)C=C1,396.0
296,O=C(C)NC1=CC=C(/N=N/C2=CC=C(NCCC#N)C=C2)C=C1,403.0
297,[H]N(C)C(C=C1)=CC=C1/N=N/C2=CC=CC=C2,400.0
298,[H]N(CC)C(C=C3)=CC=C3/N=N/C4=CC=CC=C4,400.0
299,[H]N(CCO)C(C=C5)=CC=C5/N=N/C6=CC=CC=C6,398.0
300,[H]N(CCC#N)C(C=C7)=CC=C7/N=N/C8=CC=CC=C8,390.0
301,CC9=CC(NCCC#N)=CC=C9/N=N/C%10=CC=CC=C%10,396.0
302,OCCN(CCO)C(C=C%11)=CC=C%11/N=N/C%12=CC=CC=C%12,407.0
303,OCCN(CCC#N)C(C=C%13)=CC=C%13/N=N/C%14=CC=CC=C%14,397.0
304,CC%15=CC(N(CCO)CCC#N)=CC=C%15/N=N/C%16=CC=CC=C%16,403.0
305,CN(CCC#N)C(C=C%17)=CC=C%17/N=N/C%18=CC=CC=C%18,396.0
306,CCN(CCC#N)C(C=C%19)=CC=C%19/N=N/C%20=CC=CC=C%20,399.0
307,CCN(CCC#N)C(C=C%21C)=CC=C%21/N=N/C%22=CC=CC=C%22,404.0
308,N#CCCN(CCC#N)C(C=C%23)=CC=C%23/N=N/C%24=CC=CC=C%24,382.0
309,CC1=CC(N(CCC#N)CCC#N)=CC=C1/N=N/C2=CC=CC=C2,392.0
310,[H]N(C)C(C=C1)=CC=C1/N=N/C2=CC=C([N+]([O-])=O)C=C2,464.0
311,[H]N(CC)C(C=C3)=CC=C3/N=N/C4=CC=C([N+]([O-])=O)C=C4,468.0
312,[H]N(CCO)C(C=C5)=CC=C5/N=N/C6=CC=C([N+]([O-])=O)C=C6,463.0
313,[H]N(CCC#N)C(C=C7)=CC=C7/N=N/C8=CC=C([N+]([O-])=O)C=C8,443.0
314,CC9=CC(NCCC#N)=CC=C9/N=N/C%10=CC=C([N+]([O-])=O)C=C%10,451.0
315,OCCN(CCO)C(C=C%11)=CC=C%11/N=N/C%12=CC=C([N+]([O-])=O)C=C%12,475.0
316,OCCN(CCC#N)C(C=C%13)=CC=C%13/N=N/C%14=CC=C([N+]([O-])=O)C=C%14,451.0
317,CC%15=CC(N(CCO)CCC#N)=CC=C%15/N=N/C%16=CC=C([N+]([O-])=O)C=C%16,461.0
318,CN(CCC#N)C(C=C%17)=CC=C%17/N=N/C%18=CC=C([N+]([O-])=O)C=C%18,448.0
319,CCN(CCC#N)C(C=C%19)=CC=C%19/N=N/C%20=CC=C([N+]([O-])=O)C=C%20,452.0
320,CCN(CCC#N)C(C=C%21C)=CC=C%21/N=N/C%22=CC=C([N+]([O-])=O)C=C%22,463.0
321,N#CCCN(CCC#N)C(C=C%23)=CC=C%23/N=N/C%24=CC=C([N+]([O-])=O)C=C%24,432.0
322,CC1=CC(N(CCC#N)CCC#N)=CC=C1/N=N/C2=CC=C([N+]([O-])=O)C=C2,441.0
323,COC(S1)=CC=C1/N=N/C2=CC=CC=C2,394.0
324,COC(S1)=CC=C1/N=N/C2=CC=C(C#N)C=C2,413.0
325,CC(S1)=CC=C1/N=N/C2=CC=C(C#N)C=C2,387.0
326,CC(S1)=CC=C1/N=N/C2=CC=C(C(F)(F)F)C=C2,378.0
327,N#CC(S1)=CC=C1/N=N/C2=CC=CC=C2,367.0
328,COC1=CC=C(/N=N/C2=CC=CS2)C=C1,373.0
329,N#CC1=CC=C(/N=N/C2=CC=CS2)C=C1,370.0
330,FC(F)(F)C1=CC=C(/N=N/C2=CC=CS2)C=C1,362.0
331,COC1=CC(/N=N/C2=CC=CS2)=CC=C1,364.0
332,N#CC1=CC(/N=N/C2=CC=CS2)=CC=C1,362.0
333,Cc1[nH]c2c(c1N=Nc1nncs1)cccc2,428.0
334,Cn1c(C)c(c2c1cccc2)N=Nc1nncs1,434.0
335,c1ccc(cc1)c1[nH]c2c(c1N=Nc1nncs1)cccc2,437.0
336,Cn1c(c2ccccc2)c(c2c1cccc2)N=Nc1nncs1,431.0
337,CSc1nnc(s1)N=Nc1c(C)[nH]c2c1cccc2,445.0
338,CSc1nnc(s1)N=Nc1c2ccccc2n(c1C)C,451.0
339,CSc1nnc(s1)N=Nc1c([nH]c2c1cccc2)c1ccccc1,467.0
340,CSc1nnc(s1)N=Nc1c(c2ccccc2)n(c2c1cccc2)C,459.0
341,CC1=C(/N=N/C2=NN=C(CC)S2)C3=CC=CC=C3N1,420.0
342,CCc1nnc(s1)N=Nc1c2ccccc2n(c1C)C,432.0
343,CCc1nnc(s1)N=Nc1c([nH]c2c1cccc2)c1ccccc1,440.0
344,CCc1nnc(s1)N=Nc1c(c2ccccc2)n(c2c1cccc2)C,438.0
345,Cc1[nH]c2c(c1N=Nc1n[nH]c(n1)S)cccc2,392.0
346,Sc1[nH]nc(n1)N=Nc1c(C)n(c2c1cccc2)C,401.0
347,Sc1[nH]nc(n1)N=Nc1c([nH]c2c1cccc2)c1ccccc1,411.0
348,Sc1[nH]nc(n1)N=Nc1c(c2ccccc2)n(c2c1cccc2)C,408.0
349,Oc1c(/C=N/c2cc(C(O)=O)ccn2)cc(/N=N/c3ccc([N+]([O-])=O)cc3)cc1,378.0
350,Oc1c(/C=N/c2cc(C(OCC)=O)ccn2)cc(/N=N/c3ccc([N+]([O-])=O)cc3)cc1,379.0
351,Oc1c(/C=N/c2c(C(C)C)cc(S(=O)(O)=O)cc2C(C)C)cc(/N=N/c3ccc([N+]([O-])=O)cc3)cc1,267.0
352,CN1C2=CC=CC=C2N=C1/N=N/C3=NC4=CC=CC=C4N3C,439.0
353,C12=CC=CC=C1N=C(/N=N/C3=NC4=CC=CC=C4O3)O2,430.0
354,C12=CC=CC=C1N=C(/N=N/C3=NC4=CC=CC=C4S3)S2,421.0
355,[H]C1=CC=C(N=C(N=NC2=CC=CC=C2)S3)C3=C1,328.0
356,[H]C4=CC=C(N=C(N=NC5=CC=CC=C5Cl)S6)C6=C4,335.0
357,[H]C7=CC=C(N=C(N=NC8=CC=CC(CO)=C8)S9)C9=C7,328.0
358,[H]C%10=CC=C(N=C(N=NC%11=C(NC(C)=O)C=CC=C%11)S%12)C%12=C%10,331.0
359,[H]C%13=CC=C(N=C(N=NC%14=CC=C(NC(C)=O)C=C%14)S%15)C%15=C%13,371.0
360,[H]C%16=CC=C(N=C(N=NC%17=CC=CC=C%17OC)S%18)C%18=C%16,325.0
361,[H]C%19=CC=C(N=C(N=NC%20=CC=C(OC)C=C%20)S%21)C%21=C%19,361.0
362,[H]C%22=CC=C(N=C(N=NC%23=CC=CC=C%23SC)S%24)C%24=C%22,328.0
363,[H]C%25=CC=C(N=C(N=NC%26=CC=C(SC)C=C%26)S%27)C%27=C%25,392.0
364,O=[N+]([O-])C1=CC=C(N=C(N=NC2=CC=CC=C2)S3)C3=C1,340.0
365,O=[N+]([O-])C4=CC=C(N=C(N=NC5=CC=CC=C5C(O)=O)S6)C6=C4,335.0
366,ClC7=CC=CC=C7N=NC8=NC9=CC=C([N+]([O-])=O)C=C9S8,343.0
367,ClC%10=CC(N=NC%11=NC%12=CC=C([N+]([O-])=O)C=C%12S%11)=CC=C%10,334.0
368,ClC(C=C%13)=CC=C%13N=NC%14=NC%15=CC=C([N+]([O-])=O)C=C%15S%14,346.0
369,FC(C=C%16)=CC=C%16N=NC%17=NC%18=CC=C([N+]([O-])=O)C=C%18S%17,342.0
370,IC(C=C%19)=CC=C%19N=NC%20=NC%21=CC=C([N+]([O-])=O)C=C%21S%20,368.0
371,O=[N+]([O-])C%22=CC=C(N=C(N=NC%23=CC=C([N+]([O-])=O)C=C%23)S%24)C%24=C%22,332.0
372,OCC%25=CC(N=NC%26=NC%27=CC=C([N+]([O-])=O)C=C%27S%26)=CC=C%25,341.0
373,OCC%28=CC(N=NC%29=NC%30=CC=C([N+]([O-])=O)C=C%30S%29)=CC=C%28,346.0
374,O=C(C)NC(C=C%31)=CC=C%31N=NC%32=NC%33=CC=C([N+]([O-])=O)C=C%33S%32,406.0
375,COC1=CC=CC=C1N=NC2=NC3=CC=C([N+]([O-])=O)C=C3S2,337.0
376,COC(C=C4)=CC=C4N=NC5=NC6=CC=C([N+]([O-])=O)C=C6S5,399.0
377,CSC7=CC=CC=C7N=NC8=NC9=CC=C([N+]([O-])=O)C=C9S8,340.0
378,CSC(C=C%10)=CC=C%10N=NC%11=NC%12=CC=C([N+]([O-])=O)C=C%12S%11,421.0
379,OC1=C(N=CC=C2)C2=C(/N=N/C3=CC=CC=C3)C=C1,384.0
380,OC4=C(N=CC=C5)C5=C(/N=N/C6=CC=C(C)C=C6)C=C4,390.0
381,OC7=C(N=CC=C8)C8=C(/N=N/C9=CC=C(OC%10=CC=CC=C%10)C=C9)C=C7,395.0
382,OC%11=C(N=CC=C%12)C%12=C(/N=N/C%13=CC=C(NC(C)=O)C=C%13)C=C%11,390.0
383,OC%14=C(N=CC=C%15)C%15=C(/N=N/C%16=CC=C(OCC)C=C%16)C=C%14,388.0
384,OC%17=C(N=CC=C%18)C%18=C(/N=N/C%19=CC=C(Cl)C=C%19)C=C%17,395.0
385,OC%20=C(N=CC=C%21)C%21=C(/N=N/C%22=CC=C(C(O)=O)C=C%22)C=C%20,503.0
386,OC%23=C(N=CC=C%24)C%24=C(/N=N/C%25=CC=CC=C%25C(O)=O)C=C%23,398.0
387,OC%26=C(N=CC=C%27)C%27=C(/N=N/C%28=CC=C(C(C)=O)C=C%28)C=C%26,401.0
388,OC%29=C(N=CC=C%30)C%30=C(/N=N/C%31=CC=C(C#N)C=C%31)C=C%29,413.0
389,OC%32=C(N=CC=C%33)C%33=C(/N=N/C%34=CC=C([N+]([O-])=O)C=C%34)C=C%32,414.0
390,OC1=C2N=CC=CC2=C(/N=N/C3=NC=CS3)C=C1,428.0
391,OC4=C5N=CC=CC5=C(/N=N/C6=NC=C(C)S6)C=C4,436.0
392,OC7=C8N=CC=CC8=C(/N=N/C9=NC=C(S(=O)(C%10=CC=C([N+]([O-])=O)C=C%10)=O)S9)C=C7,491.0
393,OC%11=C%12N=CC=CC%12=C(/N=N/C%13=NC(CC(OCC)=O)=CS%13)C=C%11,438.0
394,OC%14=C%15N=CC=CC%15=C(/N=N/C%16=NC(C%17=CC=CC=C%17)=CS%16)C=C%14,516.0
395,OC%18=C%19N=CC=CC%19=C(/N=N/C%20=NC(C%21=CC=C(Cl)C=C%21)=CS%20)C=C%18,456.0
396,OC%22=C%23N=CC=CC%23=C(/N=N/C%24=NC(C%25=CC=C(Br)C=C%25)=CS%24)C=C%22,462.0
397,OC%26=C%27N=CC=CC%27=C(/N=N/C%28=NC%29=CC=CC=C%29S%28)C=C%26,442.0
398,OC%30=C%31N=CC=CC%31=C(/N=N/C%32=NC%33=CC=C(Cl)C=C%33S%32)C=C%30,450.0
399,OC%34=C%35N=CC=CC%35=C(/N=N/C%36=NC%37=CC=C(OC)C=C%37S%36)C=C%34,461.0
400,OC%38=C%39N=CC=CC%39=C(/N=N/C%40=NC%41=CC(C)=C(C)C=C%41S%40)C=C%38,456.0
401,OC%42=C%43N=CC=CC%43=C(/N=N/C%44=NC%45=CC=CC=C%45N%44)C=C%42,437.0
402,N#CC1C(SC(/N=N/C2=NC(C=CC([N+]([O-])=O)=C3)=C3S2)C1C4CCCCC4)N,545.0
403,N#Cc5c(c6ccc(Cl)cc6)c(/N=N/C7=NC(C=CC([N+]([O-])=O)=C8)=C8S7)sc5N,535.0
404,N#CC9C(SC(/N=N/C%10=NC(C=CC([N+]([O-])=O)=C%11)=C%11S%10)C9C%12CCC(OC)CC%12)N,550.0
1 ,O=C(OC)C1=C([N+]([O-])=O)C=C(C(OC)=O)C(/N=N/C2=CC([H])=C(N(CC)CC)C=C2[H])=C1,504
  2 ,O=C(OC)C1=C([N+]([O-])=O)C=C(C(OC)=O)C(/N=N/C2=CC([H])=C(N(CC)CC)C=C2NC(C)=O)=C1,528
  3 ,O=C(OC)C1=C([N+]([O-])=O)C=C(C(OC)=O)C(/N=N/C2=CC(OC)=C(N(CC)CC)C=C2NC(C)=O)=C1,537
  4 ,O=[N+](C1=CC=C(/N=N/C2=CC=C(N(CCO)CC)C=C2)C=C1)[O-],481
  5 ,O=[N+](C1=CC=C(/N=N/C2=CC=C(N(CCOC(CCCl)=O)CC)C=C2)C=C1)[O-],468
  6 ,O=[N+](C1=CC=C(/N=N/C2=CC=C(N(CCOC(CCOCCNC3=CC=CC=C3)=O)CC)C=C2)C=C1)[O-],473
  7 ,FC1=CC=C(/N=N/C2=CC=C(N(CCO)CCO)C=C2)C=C1,410
  8 ,ClC1=CC=C(/N=N/C2=CC=C(N(CCO)CCO)C=C2)C=C1,419
  9 ,BrC1=CC=C(/N=N/C2=CC=C(N(CCO)CCO)C=C2)C=C1,421
  10 ,IC1=CC=C(/N=N/C2=CC=C(N(CCO)CCO)C=C2)C=C1,424
  11 ,CC1=CC=C(/N=N/C2=CC=C(N(CCO)CCO)C=C2)C=C1,409
  12 ,OCCN(C(C=C1)=CC=C1/N=N/C2=CC=C(CCCC)C=C2)CCO,410
  13 ,OCCN(C(C=C1)=CC=C1/N=N/C2=CC=C(OC)C=C2)CCO,408
  14 ,OCCN(C(C=C1)=CC=C1/N=N/C2=CC=C(NC(C)=O)C=C2)CCO,417
  15 ,OCCN(C(C=C1)=CC=C1/N=N/C2=CC=C(C(C)=O)C=C2)CCO,448
  16 ,OCCN(C(C=C1)=CC=C1/N=N/C2=CC=C(C(NCC(O)=O)=O)C=C2)CCO,431
  17 ,OCCN(C(C=C1)=CC=C1/N=N/C2=CC=C(C#N)C=C2)CCO,452
  18 ,OCCN(C(C=C1)=CC=C1/N=N/C2=CC=C([N+]([O-])=O)C=C2)CCO,481
  19 ,FC1=C(/N=N/C2=CC=C(N(C)C)C=C2)C(F)=C(F)C(F)=C1F,439
  20 ,FC1=C(/N=N/C2=CC=C(N(C)C)C=C2)C(F)=C(F)C(SC3=CC=CC=C3N)=C1F,448
  21 ,FC1=C(/N=N/C2=CC=C(N(C)C)C=C2)C(F)=C(F)C(NC3=CC=CC=C3O)=C1F,438
  22 ,FC1=C(/N=N/C2=CC=C(N(C)C)C=C2)C(F)=C(F)C(SCCS)=C1F,448
  23 ,FC1=C(/N=N/C2=CC=C(N(C)C)C=C2)C(F)=C(F)C(NCCN)=C1F,425
  24 ,FC1=C(/N=N/C2=CC=C(N(C)C)C=C2)C(F)=C(F)C3=C1SC4=CC=CC=C4S3,446
  25 ,FC1=C(/N=N/C2=CC=C(N(C)C)C=C2)C(F)=C(F)C3=C1NC4=CC=CC=C4S3,477
  26 ,FC1=C(/N=N/C2=CC=C(N(C)C)C=C2)C(F)=C(F)C3=C1OC4=CC=CC=C4N3,472
  27 ,FC1=C(/N=N/C2=CC=C(N(C)C)C=C2)C3=C(SC(C=CC=C4)=C4S3)C5=C1NC6=CC=CC=C6S5,404
  28 ,FC1=C(/N=N/C2=C(F)C(F)=C(F)C(F)=C2F)C(F)=C(F)C(F)=C1F,312
  29 ,OCCNC1=C(F)C(F)=C(/N=N/C2=C(F)C(F)=C(F)C(F)=C2F)C(F)=C1F,392
  30 ,FC1=C(F)C(F)=C(/N=N/C2=C(F)C(F)=C(F)C(F)=C2F)C(NCCO)=C1F,323
  31 ,ClC1=C(/N=N/C2=C(C)C(C#N)=C(NCCOS(C)(=O)=O)S2)C([H])=CC([N+]([O-])=O)=C1,599
  32 ,[H]C1=CC([N+]([O-])=O)=CC(C(F)(F)F)=C1/N=N/C2=C(C)C(C#N)=C(NCCOS(C)(=O)=O)S2,602
  33 ,[H]C1=CC([N+]([O-])=O)=CC(C#N)=C1/N=N/C2=C(C)C(C#N)=C(NCCOS(C)(=O)=O)S2,584
  34 ,BrC1=CC([N+]([O-])=O)=CC(C#N)=C1/N=N/C2=C(C)C(C#N)=C(NCCOS(C)(=O)=O)S2,584
  35 ,BrC1=CC([N+]([O-])=O)=CC([N+]([O-])=O)=C1/N=N/C2=C(C)C(C#N)=C(NCCOS(C)(=O)=O)S2,586
  36 ,BrC1=C(/N=N/C2=C(C)C(C#N)=C(NCCOS(C)(=O)=O)S2)C(Br)=CC([N+]([O-])=O)=C1,600
  37 ,[H]C1=CC([N+]([O-])=O)=CC(C(F)(F)F)=C1/N=N/C2=C(C)C(C#N)=C(NCCBr)S2,598
  38 ,[H]C1=CC([N+]([O-])=O)=CC(C#N)=C1/N=N/C2=C(C)C(C#N)=C(NCCBr)S2,583
  39 ,BrC1=CC([N+]([O-])=O)=CC([N+]([O-])=O)=C1/N=N/C2=C(C)C(C#N)=C(NCCBr)S2,586
  40 ,ClC1=C(/N=N/C2=CC(C#N)=C(NCCOS(C)(=O)=O)S2)C([H])=CC([N+]([O-])=O)=C1,606
  41 ,[H]C1=CC([N+]([O-])=O)=CC(C(F)(F)F)=C1/N=N/C2=CC(C#N)=C(NCCOS(C)(=O)=O)S2,604
  42 ,[H]C1=CC([N+]([O-])=O)=CC(C#N)=C1/N=N/C2=CC(C#N)=C(NCCOS(C)(=O)=O)S2,592
  43 ,BrC1=CC([N+]([O-])=O)=CC(C#N)=C1/N=N/C2=CC(C#N)=C(NCCOS(C)(=O)=O)S2,593
  44 ,BrC1=CC([N+]([O-])=O)=CC([N+]([O-])=O)=C1/N=N/C2=CC(C#N)=C(NCCOS(C)(=O)=O)S2,591
  45 ,[H]C1=CC([N+]([O-])=O)=CC(C(F)(F)F)=C1/N=N/C2=C(C)C(C(N)=O)=C(NCCOS(C)(=O)=O)S2,440
  46 ,[H]C1=CC([N+]([O-])=O)=CC(C#N)=C1/N=N/C2=C(C)C(C(N)=O)=C(NCCOS(C)(=O)=O)S2,460
  47 ,BrC1=CC([N+]([O-])=O)=CC(C#N)=C1/N=N/C2=C(C)C(C(N)=O)=C(NCCOS(C)(=O)=O)S2,480
  48 ,[H]C1=C(/N=N/C2=C(C3=CC=CC=C3)C(C(OCC)=O)=C(NCCBr)S2)C([H])=CC([H])=C1,446
  49 ,[H]C1=C(/N=N/C2=C(C3=CC=CC=C3)C(C(OCC)=O)=C(NCCBr)S2)C([H])=CC(Br)=C1,459
  50 ,[H]C1=C(/N=N/C2=C(C3=CC=CC=C3)C(C(OCC)=O)=C(NCCBr)S2)C([H])=CC(C(F)(F)F)=C1,462
  51 ,[H]C1=C(/N=N/C2=C(C3=CC=CC=C3)C(C(OCC)=O)=C(NCCBr)S2)C([H])=CC(C(C)=O)=C1,479
  52 ,[H]C1=C(/N=N/C2=C(C3=CC=CC=C3)C(C(OCC)=O)=C(NCCBr)S2)C([H])=CC(C#N)=C1,480
  53 ,[H]C1=C(/N=N/C2=C(C3=CC=CC=C3)C(C(OCC)=O)=C(NCCBr)S2)C([H])=CC([N+]([O-])=O)=C1,502
  54 ,ClC1=C(/N=N/C2=C(C3=CC=CC=C3)C(C(OCC)=O)=C(NCCBr)S2)C([H])=CC(S(C)(=O)=O)=C1,495
  55 ,[H]C1=CC(C(F)(F)F)=CC([N+]([O-])=O)=C1/N=N/C2=C(C3=CC=CC=C3)C(C(OCC)=O)=C(NCCBr)S2,492
  56 ,ClC1=C(/N=N/C2=C(C3=CC=CC=C3)C(C(OCC)=O)=C(NCCBr)S2)C([H])=CC([N+]([O-])=O)=C1,524
  57 ,[H]C1=CC([N+]([O-])=O)=CC(C(F)(F)F)=C1/N=N/C2=C(C3=CC=CC=C3)C(C(OCC)=O)=C(NCCBr)S2,526
  58 ,[H]C1=CC([N+]([O-])=O)=CC([N+]([O-])=O)=C1/N=N/C2=C(C3=CC=CC=C3)C(C(OCC)=O)=C(NCCBr)S2,538
  59 ,BrC1=CC([N+]([O-])=O)=CC(C#N)=C1/N=N/C2=C(C3=CC=CC=C3)C(C(OCC)=O)=C(NCCBr)S2,558
  60 ,BrC1=CC([N+]([O-])=O)=CC([N+]([O-])=O)=C1/N=N/C2=C(C3=CC=CC=C3)C(C(OCC)=O)=C(NCCBr)S2,545
  61 ,[H]C1=CC([N+]([O-])=O)=CC(C#N)=C1/N=N/C2=C(C3=CC=CC=C3)C(C(OCC)=O)=C(NCCBr)S2,548
  62 ,[H]C1=CC([N+]([O-])=O)=CC(C(F)(F)F)=C1/N=N/C2=C(C3=CC=CC=C3)C([H])=C(NCCBr)S2,584
  63 ,BrC1=CC([N+]([O-])=O)=CC(C#N)=C1/N=N/C2=C(C3=CC=CC=C3)C([H])=C(NCCBr)S2,560
  64 ,BrC1=CC([N+]([O-])=O)=CC([N+]([O-])=O)=C1/N=N/C2=C(C3=CC=CC=C3)C([H])=C(NCCBr)S2,567
  65 ,[H]C1=CC([N+]([O-])=O)=CC(C#N)=C1/N=N/C2=C(C3=CC=CC=C3)C([H])=C(NCCBr)S2,564
  66 ,[H]C1=CC(OC)=CC=C1/N=N/C2=CC=C(N(CC)CC)C=C2,414
  67 ,CC1=CC=C(/N=N/C2=CC=C(N(CC)CC)C=C2)C([H])=C1,416
  68 ,[H]C1=CC=C(/N=N/C2=CC=C(N(CC)CC)C=C2)C([H])=C1,416
  69 ,BrC1=CC=C(/N=N/C2=CC=C(N(CC)CC)C=C2)C([H])=C1,427
  70 ,[H]C1=CC(C(F)(F)F)=CC=C1/N=N/C2=CC=C(N(CC)CC)C=C2,434
  71 ,[H]C1=CC(C(C)=O)=CC=C1/N=N/C2=CC=C(N(CC)CC)C=C2,462
  72 ,[H]C1=CC(C#N)=CC=C1/N=N/C2=CC=C(N(CC)CC)C=C2,466
  73 ,[H]C1=CC([N+]([O-])=O)=CC=C1/N=N/C2=CC=C(N(CC)CC)C=C2,489
  74 ,O=[N+](C1=CC=C(/N=N/C2=CC=C(N(CC)CC)C=C2)C([N+]([O-])=O)=C1)[O-],530
  75 ,[H]C1=CC(OC)=CC=C1/N=N/C2=CC=C(N(C)C)C=C2,405
  76 ,CC1=CC=C(/N=N/C2=CC=C(N(C)C)C=C2)C([H])=C1,407
  77 ,[H]C1=CC=C(/N=N/C2=CC=C(N(C)C)C=C2)C([H])=C1,408
  78 ,BrC1=CC=C(/N=N/C2=CC=C(N(C)C)C=C2)C([H])=C1,419
  79 ,[H]C1=CC(C(F)(F)F)=CC=C1/N=N/C2=CC=C(N(C)C)C=C2,427
  80 ,[H]C1=CC(C(C)=O)=CC=C1/N=N/C2=CC=C(N(C)C)C=C2,447
  81 ,[H]C1=CC([N+]([O-])=O)=CC=C1/N=N/C2=CC=C(N(C)C)C=C2,478
  82 ,O=[N+](C1=CC=C(/N=N/C2=CC=C(N(C)C)C=C2)C([N+]([O-])=O)=C1)[O-],516
  83 ,[H]C1=CC(C(F)(F)F)=CC([H])=C1/N=N/C2=C(C3=CC=CC=C3)C(C(OCC)=O)=C(N4CC4)S2,464
  84 ,[H]C1=CC(C(C)=O)=CC([H])=C1/N=N/C2=C(C3=CC=CC=C3)C(C(OCC)=O)=C(N4CC4)S2,484
  85 ,[H]C1=CC(C#N)=CC([H])=C1/N=N/C2=C(C3=CC=CC=C3)C(C(OCC)=O)=C(N4CC4)S2,485
  86 ,[H]C1=CC([N+]([O-])=O)=CC([H])=C1/N=N/C2=C(C3=CC=CC=C3)C(C(OCC)=O)=C(N4CC4)S2,502
  87 ,ClC1=CC(C)=CC([H])=C1/N=N/C2=C(C3=CC=CC=C3)C(C(OCC)=O)=C(N4CC4)S2.O=S=O,501
  88 ,[H]C1=C(/N=N/C2=C(C3=CC=CC=C3)C(C(OCC)=O)=C(N4CC4)S2)C([N+]([O-])=O)=CC(C(F)(F)F)=C1,495
  89 ,ClC1=CC([N+]([O-])=O)=CC([H])=C1/N=N/C2=C(C3=CC=CC=C3)C(C(OCC)=O)=C(N4CC4)S2,526
  90 ,[H]C1=C(/N=N/C2=C(C3=CC=CC=C3)C(C(OCC)=O)=C(N4CC4)S2)C(C(F)(F)F)=CC([N+]([O-])=O)=C1,536
  91 ,[H]C1=C(/N=N/C2=C(C3=CC=CC=C3)C(C(OCC)=O)=C(N4CC4)S2)C([N+]([O-])=O)=CC([N+]([O-])=O)=C1,586
  92 ,BrC1=C(/N=N/C2=C(C3=CC=CC=C3)C(C(OCC)=O)=C(N4CC4)S2)C(C#N)=CC([N+]([O-])=O)=C1,588
  93 ,BrC1=C(/N=N/C2=C(C3=CC=CC=C3)C(C(OCC)=O)=C(N4CC4)S2)C([N+]([O-])=O)=CC([N+]([O-])=O)=C1,586
  94 ,[H]C1=C(/N=N/C2=C(C3=CC=CC=C3)C(C(OCC)=O)=C(N4CC4)S2)C(C#N)=CC([N+]([O-])=O)=C1,576
  95 ,[H]C1=C(N2CC2)SC(/N=N/C3=C([H])C=C([N+]([O-])=O)C=C3C(F)(F)F)=C1C4=CC=CC=C4,602
  96 ,[H]C1=C(N2CC2)SC(/N=N/C3=C(Br)C=C([N+]([O-])=O)C=C3C#N)=C1C4=CC=CC=C4,588
  97 ,[H]C1=C(N2CC2)SC(/N=N/C3=C(Br)C=C([N+]([O-])=O)C=C3[N+]([O-])=O)=C1C4=CC=CC=C4,585
  98 ,[H]C1=C(N2CC2)SC(/N=N/C3=C([H])C=C([N+]([O-])=O)C=C3C#N)=C1C4=CC=CC=C4,588
  99 ,ClC1=CC(C)=CC([H])=C1/N=N/C2=CC=C(N3CC3)C=C2.O=S=O,379
 100 ,ClC1=CC([N+]([O-])=O)=CC([H])=C1/N=N/C2=CC=C(N3CC3)C=C2,396
 101 ,OC1=C(C=C(C(C)(C)C)C=C1C(C)(C)C)N=NC2=C(OC)C=CC(C)=C2,392
 102 ,OC1=CC(O)=CC=C1N=NC2=C(OC)C=CC(SOON(CC)CC)=C2,406
 103 ,CC1=CC(N=NC2=C(O)N=C(O)N=C2O)=C(OC)C(S(=O)(N)=O)=C1,408
 104 ,OC1=NC(O)=C(C(O)=N1)N=NC2=C(OC)C=C([N+]([O-])=O)C=C2,415
 105 ,OC1=C(C(C)(C)C)C=C(C(C)(C)C)C=C1N=NC2=C(OC)C=CC(SOON(CC)CC)=C2,421
 106 ,CC1=CSC(N=NC2=CC(C(C)(C)C)=CC=C2O)=N1,425
 107 ,OC1=C(C=C(C(C)(C)C)C=C1)N=NC2=NC(C3=CC=C([N+]([O-])=O)C=C3)=CS2,428
 108 ,OC1=C(C=C(C(C)(C)C)C=C1)N=NC2=NN=CS2,429
 109 ,CC1=NN=C(N=NC2=CC(C(C)(C)C)=CC=C2O)S1,430
 110 ,OC1=C(C(C)=C(C#N)C(N1CC)=O)N=NC2=NN=CS2,432
 111 ,OC1=C(C(C)=C(C#N)C(N1CC)=O)N=NC2=C(OC)C=CC(SOON(CC)CC)=C2,440
 112 ,OC1=C(C(C)(C)C)C=C(C(C)(C)C)C=C1N=NC2=C(OC)C=C([N+]([O-])=O)C=C2,450
 113 ,OC1=C(C(C)=C(C#N)C(N1CC)=O)N=NC2=C(OC)C=C([N+]([O-])=O)C=C2,452
 114 ,CC1=CC(N=NC(C(C)=C2C#N)=C(O)N(CC)C2=O)=C(OC)C(S(=O)(N)=O)=C1,456
 115 ,CC1=CC(N=NC(C(C)=C2C#N)=C(O)N(CC)C2=O)=C(OC)C=C1,459
 116 ,CC1=NN=C(/N=N/C2=CC(C(C)(C)C)=CC(C(C)(C)C)=C2O)S1,459
 117 ,OC1=C(C(C)(C)C)C=C(C(C)(C)C)C=C1N=NC2=NN=CS2,460
 118 ,OC1=C(C(C)=C(C#N)C(N1CC)=O)N=NC2=NC(C)=CS2,466
 119 ,OC1=C(C(C)(C)C)C=C(C(C)(C)C)C=C1N=NC2=NC(C3=CC=C([N+]([O-])=O)C=C3)=CS2,466
 120 ,OC1=CC(N(CC)CC)=CC=C1N=NC2=C(OC)C=CC(SOON(CC)CC)=C2,467
 121 ,OC1=C(C(C)=C(C#N)C(N1CC)=O)N=NC2=NC(C3=CC=C([N+]([O-])=O)C=C3)=CS2,469
 122 ,OC1=CC=C2C(C=CC=C2)=C1N=NC3=NN=CS3,477
 123 ,OC1=CC(N(CC)CC)=CC=C1N=NC2=C(OC)C=C([N+]([O-])=O)C=C2,485
 124 ,CC1=CSC(N=NC2=C(C=CC=C3)C3=CC=C2O)=N1,491
 125 ,OC1=CC=C2C(C=CC=C2)=C1N=NC3=C(OC)C=CC(SOON(CC)CC)=C3,492
 126 ,CC1=CC(N=NC2=C(C=CC=C3)C3=CC=C2O)=C(OC)C(S(=O)(N)=O)=C1,500
 127 ,OC1=CC=C2C(C=CC=C2)=C1N=NC3=CC=CC4=C3N=CC=C4,502
 128 ,CC1=CC(N=NC2=C(C=CC=C3)C3=CC=C2O)=C(OC)C=C1,502
 129 ,CC1=NN=C(N=NC2=CC=C(N(CC)CC)C=C2O)S1,503
 130 ,CC1=CSC(N=NC2=CC=C(N(CC)CC)C=C2O)=N1,504
 131 ,OC1=CC(N(CC)CC)=CC=C1N=NC2=NC3=CC=C(OC)C=C3S2,518
 132 ,[H]C1=C([H])N=C(/N=N/C2=NC([H])=C([H])S2)S1,398
 133 ,O=C(C1=C(CNCCC)SC(/N=N/C2=NC(C(OCC)=O)=CS2)=N1)OCC,527
 134 ,O=C(C1=C(NCCCN(C)C)SC(/N=N/C2=NC(C(OCC)=O)=CS2)=N1)OCC,536
 135 ,O=C(C1=C(NCCCNC(OC(C)(C)C)=O)SC(/N=N/C2=NC(C(OCC)=O)=CS2)=N1)OCC,528
 136 ,O=C(C1=C(NC2=CC=C(C)C=C2)SC(/N=N/C3=NC(C(OCC)=O)=CS3)=N1)OCC,561
 137 ,O=C(C1=C(CNCCC)SC(/N=N/C2=NC(C(OCC)=O)=C(NCCCC)S2)=N1)OCC,580
 138 ,O=C(C1=C(NCCCN(C)C)SC(/N=N/C2=NC(C(OCC)=O)=C(NCCCN(C)C)S2)=N1)OCC,583
 139 ,O=C(C1=C(NCCCNC(OC(C)(C)C)=O)SC(/N=N/C2=NC(C(OCC)=O)=C(NCCCNC(OC(C)(C)C)=O)S2)=N1)OCC,579
 140 ,OC1=CC=C(/N=N/C2=CN=CC=C2)C3=CC=CN=C31,393
 141 ,OC1=CC=C(/N=N/C2=CC=CC3=C2N=CC=C3)C4=CC=CN=C41,410
 142 ,OC1=CC=C(/N=N/C2=NC(C(C=CC=C3)=C3C=C4)=C4S2)C5=CC=CN=C15,564
 143 ,OC1=CC=C(/N=N/C2=NC(C(Cl)=CC(Cl)=C3)=C3S2)C4=CC=CN=C14,546
 144 ,O=C1C2=C3C(C(N1CCCCCCCCCC)=O)=CC=C(/N=N/C4=C(O)C=CC5=C4C=CC=C5)C3=CC=C2,515
 145 ,O=C1C2=C3C(C(N1CCCCCCCCCC)=O)=CC=C(/N=N/C4=C(O)C(O)=CC5=C4C=CC=C5)C3=CC=C2,510
 146 ,O=C1C2=C3C(C(N1CCCCCCCCCC)=O)=CC=C(/N=N/C4=CC=C(N(C)C)C=C4)C3=CC=C2,510
 147 ,O=C1C2=C3C(C(N1CCCCCCCCCC)=O)=CC=C(/N=N/C4=CC=C(N(CC)CC)C=C4)C3=CC=C2,525
 148 ,O=C1C2=C3C(C(N1CCCCCCCCCC)=O)=CC=C(/N=N/C4=C(N)C=CC5=CC=CC=C45)C3=CC=C2,546
 149 ,O=C1C2=C3C(C(N1CCCCCCCCCC)=O)=CC=C(/N=N/C4=CC=C(NC(C)=O)C=C4)C3=CC=C2,430
 150 ,O=C1C2=C3C(C(N1CCCCCCCCCC)=O)=CC=C(/N=N/C4=C(N)C=CC([N+]([O-])=O)=C4)C3=CC=C2,420
 151 ,O=C1C2=C3C(C(N1CCCCCCCCCC)=O)=CC=C(/N=N/C4=CC=C(N)C5=C4C=CC=C5N)C3=CC=C2,610
 152 ,CC(C(/N=N/C1=CC=C(C(O)=O)C=C1)=C(NCCCOC)N2CC)=C(C#N)C2=O,436
 153 ,CC(C(/N=N/C1=CC=C(C(O)=O)C=C1)=C(NCCCOC)N2CCCOC(C)C)=C(C#N)C2=O,436
 154 ,CC1=C(C#N)C(NCCCOC)=NC(NCCCOC)=C1/N=N/C2=CC=C(C(O)=O)C=C2,446
 155 ,CC(C(/N=N/C1=CC=C(C(OC)=O)C=C1)=C(NCCCOC)N2CC)=C(C#N)C2=O,439
 156 ,CC(C(/N=N/C1=CC=C(C(OC)=O)C=C1)=C(NCCCOC)N2CCCOC(C)C)=C(C#N)C2=O,440
 157 ,CC1=C(C#N)C(NCCCOC)=NC(NCCCOC)=C1/N=N/C2=CC=C(C(OC)=O)C=C2,451
 158 ,CC(C(/N=N/C1=C(C(O)=O)C=CC=C1)=C(NCCCOC)N2CC)=C(C#N)C2=O,419
 159 ,CC1=C(C#N)C(NCCCOC)=NC(NCCCOC)=C1/N=N/C2=C(C(O)=O)C=CC=C2,431
 160 ,CC(C(/N=N/C1=C(C(OC)=O)C=CC=C1)=C(NCCCOC)N2CC)=C(C#N)C2=O,425
 161 ,CC(C(/N=N/C1=C(C(OC)=O)C=CC=C1)=C(NCCCOC)N2CCCOC(C)C)=C(C#N)C2=O,425
 162 ,CC1=C(C#N)C(NCCCOC)=NC(NCCCOC)=C1/N=N/C2=C(C(OC)=O)C=CC=C2,437
 163 ,OC1=CC=C(C2=CC=CN=C12)/N=N/C(C=C3)=CC=C3OC,386
 164 ,ClC1=CC=C(/N=N/C(C2=CC=CN=C32)=CC=C3O)C=C1,387
 165 ,ClC1=CC(Cl)=C(/N=N/C(C2=CC=CN=C32)=CC=C3O)C=C1,399
 166 ,OC1=CC=C(C2=CC=CN=C12)/N=N/C3=CC(C(F)(F)F)=CC(C(F)(F)F)=C3,417
 167 ,ClC(C=C1)=CC=C1/N=N/C2=CC=C(OC)C3=NC=CC=C32,359
 168 ,COC1=CC=C(/N=N/C2=CC=C(OC)C=C2)C3=CC=CN=C31,367
 169 ,[H]C1=C(/N=N/C2=C(NCCCOC)N(CC)C(C(C#N)=C2C)=O)C=CC([N+]([O-])=O)=C1[H],460
 170 ,[H]C1=C(/N=N/C2=C(NCCCOC)N(CCCOC(C)C)C(C(C#N)=C2C)=O)C=CC([N+]([O-])=O)=C1[H],462
 171 ,[H]C1=C([H])C=CC(/N=N/C2=C(NCCCOC)N(CC)C(C(C#N)=C2C)=O)=C1[N+]([O-])=O,445
 172 ,[H]C1=C([H])C=CC(/N=N/C2=C(NCCCOC)N(CCCOC(C)C)C(C(C#N)=C2C)=O)=C1[N+]([O-])=O,446
 173 ,CC1=C(/N=N/C2=C(NCCCOC)N(CC)C(C(C#N)=C2C)=O)C=CC([H])=C1C,399
 174 ,CC1=C(/N=N/C2=C(NCCCOC)N(CCCOC(C)C)C(C(C#N)=C2C)=O)C=CC([H])=C1C,400
 175 ,[H]C1=C(/N=N/C2=C(NCCCOC)N(CC)C(C(C#N)=C2C)=O)C=CC(Br)=C1[H],429
 176 ,[H]C1=C(/N=N/C2=C(NCCCOC)N(CCCOC(C)C)C(C(C#N)=C2C)=O)C=CC(Br)=C1[H],431
 177 ,O=C(C(C#N)=C1C)N(CC)C(NCCCOC)=C1/N=N/C2=CC=CC=C2,416
 178 ,O=C(C(C#N)=C1C)N(CCCOC(C)C)C(NCCCOC)=C1/N=N/C2=CC=CC=C2,418
 179 ,[H]C1=C([H])C([H])=C(N2C(O)=C(/N=N/C3=C(O)N(C4=CC=C(S(=O)(O)=O)C=C4)N=C3C)C(C)=N2)C=C1,440
 180 ,CC1=C([H])C([H])=C(N2C(O)=C(/N=N/C3=C(O)N(C4=CC=C(S(=O)(O)=O)C=C4)N=C3C)C(C)=N2)C=C1,450
 181 ,[H]C1=C(S(=O)(O)=O)C([H])=C(N2C(O)=C(/N=N/C3=C(O)N(C4=CC=C(S(=O)(O)=O)C=C4)N=C3C)C(C)=N2)C=C1,450
 182 ,[H]C1=C(S(=O)(O)=O)C=CC(N2C(O)=C(/N=N/C3=C(O)N(C4=CC=C(S(=O)(O)=O)C=C4)N=C3C)C(C)=N2)=C1[H],430
 183 ,[H]C1=C(Cl)C([H])=C(N2C(O)=C(/N=N/C3=C(O)N(C4=CC=C(S(=O)(O)=O)C=C4)N=C3C)C(C)=N2)C=C1,430
 184 ,ClC1=C(S(=O)(O)=O)C=CC(N2C(O)=C(/N=N/C3=C(O)N(C4=CC=C(S(=O)(O)=O)C=C4)N=C3C)C(C)=N2)=C1Cl,440
 185 ,[H]C1=C(S(=O)(O)=O)C=CC(N2C(O)=C(/N=N/C3=C(O)N(C4=CC=C(S(=O)(O)=O)C=C4)N=C3C)C(C(O)=O)=N2)=C1[H],460
 186 ,C#CC#CC#COC(C=C1)=CC=C1/N=N/C2=CC=CC=C2,346
 187 ,CCN(C(C=C1)=CC=C1/N=N/C2=CC=C(C(C(F)(F)F)(C(F)(F)F)C(F)(F)F)C=C2)CC,444
 188 ,FC(C1=CC=C(/N=N/C2=CC=C(N(CC)CC)C=C2)C=C1)(C(F)(C(F)(C(F)(C(F)(C(F)(F)F)F)F)F)F)F,444
 189 ,CN(C(N(C)C(N)=C1/N=N/C2=CC=CC=C2)=O)C1=O,361
 190 ,CN(C(N(C)C(N)=C1/N=N/C2=CC=C(C)C=C2)=O)C1=O,364
 191 ,CN(C(N(C)C(N)=C1/N=N/C2=CC=C(Cl)C=C2)=O)C1=O,370
 192 ,CN(C(N(C)C(N)=C1/N=N/C2=CC=C([N+]([O-])=O)C=C2)=O)C1=O,397
 193 ,O=C(C(C(C)=O)/N=N/C1=CC=C(S(=O)(N)=O)C=C1)C2=CC=CC=C2,360
 194 ,O=C1NC(C)=C(C(OCC)=O)C(C2=CC=C(/N=N/C(C(C)=C3C#N)=C(O)N([H])C3=O)C=C2)N1,439
 195 ,O=C1NC(C)=C(C(OCC)=O)C(C2=CC=C(/N=N/C(C(C)=C3C#N)=C(O)N(CCO)C3=O)C=C2)N1,440
 196 ,O=C1NC(C)=C(C(OCC)=O)C(C2=CC=C(/N=N/C(C(C)=C3C#N)=C(O)N(CCC)C3=O)C=C2)N1,442
 197 ,O=C1NC(C)=C(C(OCC)=O)C(C2=CC=C(/N=N/C(C(C)=C3C#N)=C(O)N(C4=CC=CC=C4)C3=O)C=C2)N1,443
 198 ,O=C1NC(C)=C(C(OCC)=O)C(C2=CC=C(/N=N/C(C(C3=CC=CC=C3)=C4C#N)=C(O)N([H])C4=O)C=C2)N1,443
 199 ,O=C1NC(C)=C(C(OCC)=O)C(C2=CC=C(/N=N/C(C(C)=C3C(N)=O)=C(O)N([H])C3=O)C=C2)N1,429
 200 ,OCCNC(C=C1)=CC=C1/N=N/C2=CC=C(C#N)C=C2,364
 201 ,OCCNC(C=C1)=CC=C1/N=N/C2=CC=C(OCC)C=C2,398
 202 ,OCCN(CCO)C(C=C1)=CC=C1/N=N/C2=CC=C(C(C)=O)C=C2,445
 203 ,OC1=C(C2=CC=CC=C2C=C1)/N=N/C3=NC=C(S3)CC4=CC=CC([N+]([O-])=O)=C4,491
 204 ,OC1=CC=C(/N=N/C2=C(O)NC(C(C(N)=O)=C2C)=O)C=C1,451
 205 ,OC(NC(C(C(N)=O)=C1C)=O)=C1/N=N/C2=CC=C(OC)C=C2,444
 206 ,CC1=CC=C(/N=N/C2=C(O)NC(C(C(N)=O)=C2C)=O)C=C1,429
 207 ,[H]C1=CC=C(/N=N/C2=C(O)NC(C(C(N)=O)=C2C)=O)C=C1,420
 208 ,ClC1=CC=C(/N=N/C2=C(O)NC(C(C(N)=O)=C2C)=O)C=C1,422
 209 ,BrC1=CC=C(/N=N/C2=C(O)NC(C(C(N)=O)=C2C)=O)C=C1,420
 210 ,OC(NC(C(C(N)=O)=C1C)=O)=C1/N=N/C2=CC=C(C(O)=O)C=C2,422
 211 ,OC(NC(C(C(N)=O)=C1C)=O)=C1/N=N/C2=CC=C(C#N)C=C2,413
 212 ,OC(NC(C(C(N)=O)=C1C)=O)=C1/N=N/C2=CC=C([N+]([O-])=O)C=C2,423
0,O=S(C1=CC=C(/N=N/C2=CC=C(N(CC)CC)C=C2)C=C1)(F)=O,486
1,O=S(C1=CC=C(/N=N/C2=CC=C(N(CCO)CC)C=C2)C=C1)(F)=O,477
2,O=S(C1=CC=C(/N=N/C2=CC=C(N(CCO)CCO)C=C2)C=C1)(F)=O,468
3,O=S(C1=CC=C(/N=N/C2=CC=C(N(CC)CC)C=C2)C([N+]([O-])=O)=C1)(F)=O,490
4,O=S(C1=CC=C(/N=N/C2=CC=C(N(CCO)CC)C=C2)C([N+]([O-])=O)=C1)(F)=O,486
5,O=S(C1=CC=C(/N=N/C2=CC=C(N(CCO)CCO)C=C2)C([N+]([O-])=O)=C1)(F)=O,506
6,O=[N+](C1=CC=C(/N=N/C2=CC=C(N(CC)CC)C=C2)C=C1)[O-],486
7,O=[N+](C1=CC=C(/N=N/C2=CC=C(N(CCO)CCO)C=C2)C=C1)[O-],486
8,O=[N+](C1=CC=C(/N=N/C2=CC=C(N(CCO)CC)C=C2)C([N+]([O-])=O)=C1)[O-],508
9,O=[N+](C1=CC=C(/N=N/C2=CC=C(N(CCO)CCO)C=C2)C([N+]([O-])=O)=C1)[O-],512
10,ClC1=CC=C2C(N=CC=C2NC3=CC=C(/N=N/C4=CC(/C=C5SC(N([H])C/5=O)=S)=C(O)C=C4)C=C3)=C1,410
11,ClC1=CC=C2C(N=CC=C2NC3=CC=C(/N=N/C4=CC(/C=C5SC(N(CC=C)C/5=O)=S)=C(O)C=C4)C=C3)=C1,425
12,ClC1=CC=C2C(N=CC=C2NC3=CC=C(CC4=CC=C(/N=N/C5=CC(/C=C6SC(N([H])C/6=O)=S)=C(O)C=C5)C=C4)C=C3)=C1,415
13,ClC1=CC=C2C(N=CC=C2NC3=CC=C(CC4=CC=C(/N=N/C5=CC(/C=C6SC(N(CC=C)C/6=O)=S)=C(O)C=C5)C=C4)C=C3)=C1,412
14,ClC1=CC=C2C(N=CC=C2NC3=CC=C(CC4=CC=C(/N=N/C5=CC=C(O)C6=C5C=CC=C6)C=C4)C=C3)=C1,435
15,ClC1=CC=C2C(SC(/N=N/C3=CC(C)=CC=C3O)=N2)=C1,450
16,ClC1=CC=C2C(SC(/N=N/C3=C(C=CC=C4)C4=CC=C3O)=N2)=C1,490

